"측정년월","기간(주)","작은빨간집모기","빨간집모기","동양집모기","중국얼룩날개모기","큰검정들모기","한국숲모기","흰줄숲모기","금빛숲모기","토고숲모기","지점명"
"202106","3","48","11","0","21","0","4.5","0","70","20.5","부산지역축사"
"202106","2","25.5","2","0","31.5","0.5","2","0","16.5","4.5","부산지역축사"
"202106","1","13","1.5","0.5","5.5","0","4","0.5","48","14","부산지역축사"
"202105","5","1","2.5","0","1","0","0.5","0","22","3","부산지역축사"
"202105","4","1.5","4.5","0","2.5","0","0","0","5.5","1.5","부산지역축사"
"202105","3","7.5","6","0","2.5","0","0","0","4.5","2","부산지역축사"
"202105","2","2","0.5","0","2","0","0","0","15","0","부산지역축사"
"202105","1","1","1","0","1","0","0","0","11","0.5","부산지역축사"
"202104","4","4","0.5","0","2.5","0","2","0","30","0","부산지역축사"
"202104","3","4.5","1","0","0","0","0.5","0","0.5","0","부산지역축사"
"202104","2","26","2","0","1.5","0","0","0","0.5","0","부산지역축사"
"202104","1","3.5","0.5","0","4","0","0","0","0","0.5","부산지역축사"
"202103","5","3.5","0.5","0","2.5","0","0","0","0.5","0","부산지역축사"
"202011","4","0","0","0","0","0","0","0","0","0","부산지역축사"
"202011","3","0","0","0","0","0","0","0","0","0","부산지역축사"
"202011","2","0","0","0","0","0","0","0","0","0","부산지역축사"
"202011","1","0","0","0","0","0","0","0","0","0","부산지역축사"
"202010","4","1.5","0","0","0.5","0","0","0","3.5","0","부산지역축사"
"202010","3","7.5","2.5","0","2.5","0","0","0","19.5","2.5","부산지역축사"
"202010","2","30","1.5","0","1","0.5","0","0","50.5","1","부산지역축사"
"202010","1","10.5","0","0","2","2.5","0","0","66","1","부산지역축사"
"202009","4","27.5","12","0","4.5","0","0","0","95.5","0.5","부산지역축사"
"202009","3","81","12","0","22.5","1","0","0","307.5","0","부산지역축사"
"202009","2","194.5","15.5","0","54.5","3.5","0.5","0.5","242.5","0.5","부산지역축사"
"202009","1","150.5","8","0","95.5","1.5","0","0","28.5","1.5","부산지역축사"
"202008","5","81","3","0","58","1","0","0","32.5","3","부산지역축사"
"202008","4","145","3","0","112","2.5","0","0","222","6","부산지역축사"
"202008","3","57","14","0","50","0","0.5","0.5","92","0","부산지역축사"
"202008","2","59","26.5","0","79.5","6.5","0.5","1.5","12","5","부산지역축사"
"202008","1","96.5","2","0","32.5","0.5","0","0.5","84.5","1.5","부산지역축사"
"202007","4","90","4.5","0","74.5","3","0.5","0","45","7","부산지역축사"
"202007","3","54.5","11.5","0","57.5","1.5","1","1","84","2.5","부산지역축사"
"202007","2","70.5","23","0","28","0","1.5","0","4","4.5","부산지역축사"
"202007","1","104.5","26.5","0","50.5","1","1","0.5","41.5","2.5","부산지역축사"
"202006","5","172","16.5","0","220.5","0","0","0","23.5","4.5","부산지역축사"
"202006","4","203.5","36","0","249.5","0","0.5","0","118.5","5.5","부산지역축사"
"202006","3","71.5","13.5","0","120.5","0","1.5","0","12.5","2","부산지역축사"
"202006","2","12.5","1.5","0","12","0.5","2.5","1","6.5","3","부산지역축사"
"202006","1","3","1","0","6.5","0.5","0.5","0","17.5","1","부산지역축사"
"202005","4","1","0.5","0","0.5","0","0","0","42.5","3.5","부산지역축사"
"202005","3","2.5","1.5","0.5","0","0.5","0","0","15.5","0.5","부산지역축사"
"202005","2","5","3.5","0","2","0","0","0","105.5","0","부산지역축사"
"202005","1","0.5","1","0","0.5","0","0","0","2.5","0","부산지역축사"
"202004","4","1","8.5","0","0.5","0","0","0","0","0","부산지역축사"
"202004","3","2.5","1","0","0.5","0","0","0","0","0","부산지역축사"
"202004","2","2","1.5","0","0.5","0","0","0","0","0","부산지역축사"
"202004","1","1","1.5","0","1.5","0","0","0","0","0","부산지역축사"
"201911","4","0","0","0","0","0","0","0","0","0","부산지역축사"
"201911","3","0","0","0","0.5","0","0","0","0","0","부산지역축사"
"201911","2","0","0","0","0","0","0.5","0","1.5","0","부산지역축사"
"201911","1","1","0","0","0.5","0","0","0","1","0","부산지역축사"
"201910","5","4.5","1","0","0.5","0","0","0","6.5","0","부산지역축사"
"201910","4","19.5","0.5","0","3.5","0","0","0","35.5","1.5","부산지역축사"
"201910","3","44","1","0","4","0.5","0","0","29.5","0.5","부산지역축사"
"201910","2","174","1","0","13","0","0","0","95","0","부산지역축사"
"201910","1","361.5","42","0","17.5","0.5","0","0","120.5","3","부산지역축사"
"201909","4","229","6","0","51.5","1","0","0","187.5","1.5","부산지역축사"
"201909","3","204","4.5","0","31.5","0","0","0","179.5","1.5","부산지역축사"
"201909","2","164.5","2.5","0","57","2.5","1","0","288.5","3","부산지역축사"
"201909","1","523.5","14.5","0","97.5","8","0","0","212.5","3","부산지역축사"
"201908","4","511.5","32.5","0","72.5","5.5","0","0","229","7.5","부산지역축사"
"201908","3","641.5","36.5","0","63.5","0","0.5","0","159.5","3","부산지역축사"
"201908","2","543.5","112","0","182.5","1.5","0","3","534","14.5","부산지역축사"
"201908","1","447","69","0","136.5","1.5","1","2","355.5","2","부산지역축사"
"201907","5","292","45.5","0","123","3.5","2.5","1","680.5","4.5","부산지역축사"
"201907","4","149","56.5","0","79","0","2","0","78","2.5","부산지역축사"
"201907","3","143.5","68.5","0","100","0.5","0.5","0","54.5","6","부산지역축사"
"201907","2","184.5","138.5","0","165.5","0.5","2.5","0","60","1","부산지역축사"
"201907","1","406","38","0","230.5","1","1","0","11","5","부산지역축사"
"201906","4","129","18.5","0","119.5","0","5","0.5","5.5","16","부산지역축사"
"201906","3","56.5","23.5","0","44","1","1","0","6","6","부산지역축사"
"201906","2","22.5","14","0","11.5","0.5","2.5","0","5.5","5.5","부산지역축사"
"201906","1","8","10.5","0","4.5","2","5","0","6","8","부산지역축사"
"201905","4","5.5","1","0","1.5","0","0.5","0","0.5","1","부산지역축사"
"201905","3","5.5","9.5","0","0","0","1","0","7","0","부산지역축사"
"201905","2","1.5","2.5","0","2.5","0","7","0","44","0","부산지역축사"
"201905","1","0","0","0","1","0","0","0","1","0","부산지역축사"
"201904","5","1","0.5","0","1","0","0.5","0","0.5","0.5","부산지역축사"
"201904","4","2","0","0","1.5","0.5","2.5","0","0","0.5","부산지역축사"
"201904","3","1.5","0.5","0","1","0","0","0","0","0","부산지역축사"
"201904","2","0","0","0","0.5","0","0","0","0","0","부산지역축사"
"201904","1","0","0","0","1","0","0","0","0","0","부산지역축사"
"201810","5","10","7","0","11","0","0","0","16","0","부산지역축사"
"201810","4","16","6","0","10","1","0","0","22","0","부산지역축사"
"201810","3","27","4","0","14","3","0","0","28","0","부산지역축사"
"201810","2","36","2","0","6","1","1","0","83","0","부산지역축사"
"201810","1","41","1","0","4","1","0","0","89","0","부산지역축사"
"201809","4","84","1","0","5","2","0","1","138","0","부산지역축사"
"201809","3","222","15","0","83","4","3","0","910","0","부산지역축사"
"201809","2","182","15","0","218","6","0","0","664","0","부산지역축사"
"201809","1","195","22","0","373","3","1","0","709","0","부산지역축사"
"201808","4","163","18","0","653","8","0","0","851","0","부산지역축사"
"201808","3","114","9","0","731","11","4","0","1004","0","부산지역축사"
"201808","2","21","34","0","786","19","9","0","1069","0","부산지역축사"
"201808","1","19","41","0","860","19","12","0","1196","0","부산지역축사"
"201807","5","22","60","0","726","22","12","0","1000","0","부산지역축사"
"201807","4","20","45","0","769","14","10","0","969","0","부산지역축사"
"201807","3","64","69","0","807","32","13","0","1114","0","부산지역축사"
"201807","2","24","74","0","1710","3","8","0","149","0","부산지역축사"
"201807","1","10","149","0","1706","3","5","0","258","0","부산지역축사"
"201806","4","18","206","0","2839","6","17","0","632","0","부산지역축사"
"201806","3","8","160","0","1214","1","6","0","440","0","부산지역축사"
"201806","2","0","16","0","204","0","3","0","86","0","부산지역축사"
"201806","1","0","175","0","317","10","20","0","434","0","부산지역축사"
"201805","4","0","15","0","22","1","1","0","96","0","부산지역축사"
"201805","3","1","36","0","15","0","2","0","103","1","부산지역축사"
"201805","2","0","11","0","8.5","0","2","0","51","1","부산지역축사"
"201805","1","0","1","0","2.5","0","0","0","2","0","부산지역축사"
"201804","5","0","1","0","1.5","0","1","0","1","0","부산지역축사"
"201804","4","0","0","0","0","0","0","0","0","0","부산지역축사"
"201804","3","0","0","0","4","0","1","0","0","0","부산지역축사"
"201804","2","0","0","0","9","0","0","0","0","0","부산지역축사"
"201804","1","0","0","0","20.5","0","0","0","1","0","부산지역축사"
"201711","4","2","0","0","0","0","0","0","0","0","부산지역축사"
"201711","3","2","0","0","1","0","0","0","0","0","부산지역축사"
"201711","2","2","0","0","0","1","0","0","0","0","부산지역축사"
"201711","1","4","3","0","2","2","0","0","0","0","부산지역축사"
"201710","5","2","0","0","2","0","0","0","3","0","부산지역축사"
"201710","4","4","0","0","2","0","0","0","2","0","부산지역축사"
"201710","3","6","0","0","2","0","0","0","2","0","부산지역축사"
"201710","2","141","3","0","23","17","0","0","165","0","부산지역축사"
"201710","1","86","2","0","25","2","0","0","32","0","부산지역축사"
"201709","4","56","1","0","14","1","1","0","27","0","부산지역축사"
"201709","3","868","12","0","89","8","0","0","959","0","부산지역축사"
"201709","2","873","30","0","160","15","1","0","838","0","부산지역축사"
"201709","1","201","11","0","154","20","0","0","247","0","부산지역축사"
"201708","5","262","16","0","277","8","0","0","251","0","부산지역축사"
"201708","4","743","33","0","434","10","0","2","526","0","부산지역축사"
"201708","3","376","58","2","547","64","2","3","119","1","부산지역축사"
"201708","2","109","4","0","472","3","1","0","47","0","부산지역축사"
"201708","1","101","10","0","202","4","0","1","96","0","부산지역축사"
"201707","4","23","2","0","131","4","0","1","34","0","부산지역축사"
"201707","3","102","8","0","697","11","3","1","193","0","부산지역축사"
"201707","2","46","21","0","417","1","0","1","10","0","부산지역축사"
"201707","1","549","168","1","2646","8","2","0","240","1","부산지역축사"
"201706","4","37","35","0","439","4","1","0","86","0","부산지역축사"
"201706","3","30","23","0","237","1","1","0","95","1","부산지역축사"
"201706","2","3","40","0","21","1","0","0","38","0","부산지역축사"
"201706","1","3","27","0","22","0","1","0","41","0","부산지역축사"
"201705","4","1","2","0","2","0","0","0","1","0","부산지역축사"
"201705","3","0","3","0","2","0","1","0","8","0","부산지역축사"
"201705","2","0","0","0","3","0","0","0","6","1","부산지역축사"
"201705","1","1","1","0","1","0","0","0","4","0","부산지역축사"
"201704","4","2","0","0","0","0","0","0","1","0","부산지역축사"
"201704","3","5","2","0","2","0","0","0","0","0","부산지역축사"
"201704","2","0","0","0","2","0","0","0","0","0","부산지역축사"
"201704","1","0","0","0","2","0","0","0","0","0","부산지역축사"
"201703","4","0","0","0","0","0","0","0","0","0","부산지역축사"
"201611","4","0","1","0","0","0","0","0","0","0","부산지역축사"
"201611","3","0","0","0","0","0","0","0","0","0","부산지역축사"
"201611","2","0","0","0","0","0","0","0","0","0","부산지역축사"
"201611","1","0","0","0","0","0","0","0","0","0","부산지역축사"
"201610","4","3.5","1.5","0","1","0","0","0","22.5","0","부산지역축사"
"201610","3","4","0.5","0","1.5","1.5","0.5","0","36.5","0","부산지역축사"
"201610","2","7.5","1.5","0","9","1","0","0","93","0","부산지역축사"
"201610","1","59","0.5","0","5","0","0","0","92.5","0","부산지역축사"
"201609","4","139.5","1.5","0","21.5","2.5","0.5","1","136","0","부산지역축사"
"201609","3","161","10.5","0.5","30.5","0","0.5","0","34","0","부산지역축사"
"201609","2","261.5","3","0","73.5","0","0","0.5","156.5","0","부산지역축사"
"201609","1","536","1","0","241.5","4","0","0","98.5","0","부산지역축사"
"201608","5","442.5","7","0","173.5","2","0.5","0","30","0","부산지역축사"
"201608","4","553","9.5","0","261","0.5","0","0","72","0.5","부산지역축사"
"201608","3","595","3.5","0","350","3","0.5","0.5","198.5","0","부산지역축사"
"201608","2","612.5","3","0","348.5","1.5","0","0","214","0","부산지역축사"
"201608","1","77","2","0","165.5","0.5","0.5","0","99","0","부산지역축사"
"201607","4","170.5","8","0","367","3","1.5","0","113","0","부산지역축사"
"201607","3","115","8.5","0","213","0","0.5","0","106.5","0","부산지역축사"
"201607","2","31","2.5","0","312","1","1","0","35.5","0.5","부산지역축사"
"201607","1","104.5","7","0.5","301.5","0","0","0","3.5","0.5","부산지역축사"
"201606","4","45.5","16","0.5","247","1.5","4.5","0","64.5","0","부산지역축사"
"201606","3","20.5","21.5","0.5","83.5","0","2","0","69","0","부산지역축사"
"201606","2","7.5","6.5","0","29.5","0","1.5","0","98","0","부산지역축사"
"201606","1","2.5","2","0","8","0.5","0.5","0","39.5","0","부산지역축사"
"201605","5","1","0.5","0","1","0.5","0","0","7.5","0","부산지역축사"
"201605","4","4.5","1","0","3","2","1","0","55.5","0","부산지역축사"
"201605","3","0","3","0","2.5","0","0","0","22.5","0","부산지역축사"
"201605","2","0","0.5","0","1","0","0","0","4.5","0","부산지역축사"
"201605","1","1","0.5","0","0.5","0","0","0","10","0","부산지역축사"
"201604","5","0.5","0","0","0","0","0","0","0.5","0","부산지역축사"
"201604","4","0","0","0","1","0","0","0","0","0","부산지역축사"
"201604","3","0","0","0","0","0","0","0","0","0","부산지역축사"
"201604","2","1","0","0","1.5","0","0","0","0","0","부산지역축사"
"201604","1","0","0","0","0.5","0","0","0","0","0","부산지역축사"
"201511","4","0","0.5","0","0","0","0","0","0","0","부산지역축사"
"201511","3","0","0.5","0","2","0","0","0","0","0","부산지역축사"
"201511","2","0","0","0","0","0","0","0","0.5","0","부산지역축사"
"201511","1","0","0","0","0","0","0","0","0","0","부산지역축사"
"201510","4","0.5","0","0","2","0","0","0","0","0","부산지역축사"
"201510","3","4.5","0","0","2","0.5","0.5","0","2.5","0","부산지역축사"
"201510","2","0.5","0","0","1","0.5","0.5","0","2.5","0","부산지역축사"
"201510","1","76","2","0","12","1","0","0","52","0","부산지역축사"
"201509","5","159","14","0","30","0","0","0","132","0","부산지역축사"
"201509","4","449","8","0","97","0","0","0","122","0","부산지역축사"
"201509","3","2952","4","0","264","0","4","0","424","0","부산지역축사"
"201509","2","684","3","0","114","0","0","0","73","0","부산지역축사"
"201509","1","1550","6","0","478","2","2","0","592","0","부산지역축사"
"201508","4","290","1","0","188","0","0","0","33","0","부산지역축사"
"201508","3","1110","2","0","314","0","0","0","592","0","부산지역축사"
"201508","2","774","7","0","250","0","3","0","403","0","부산지역축사"
"201508","1","616","0","0","741","0","4","0","1076","0","부산지역축사"
"201507","5","38","5","0","205","0","3","0","211","0","부산지역축사"
"201507","4","334","42","0","1494","2","8","0","598","0","부산지역축사"
"201507","3","121","62","0","701","1","6","0","55","0","부산지역축사"
"201507","2","267.5","9.5","0.5","1199.5","2","2","0","247","0","부산지역축사"
"201507","1","31.5","9.5","0","395.5","0","2.5","0","140.5","0","부산지역축사"
"201506","4","42.5","2","0","69.5","0.5","0","0","69","0","부산지역축사"
"201506","3","27","13.5","0","59","0","0.5","0","72.5","0","부산지역축사"
"201506","2","15.5","3.5","0","46","0","1.5","0","249.5","0","부산지역축사"
"201506","1","3","2.5","0","2.5","0","1","0","63.5","0","부산지역축사"
"201505","4","1","14.5","0","3.5","1","0.5","0","71","0","부산지역축사"
"201505","3","0","0","0","0","0","0","0","0","0","부산지역축사"
"201505","2","0.5","0","0","0","0","0","0","0.5","0","부산지역축사"
"201505","1","1","0.5","0","0.5","0","0","0","6.5","0","부산지역축사"
"201504","5","3","0.5","0","1","0","0","0","3","0","부산지역축사"
"201504","4","0","0","0","0","0","0","0","0","0","부산지역축사"
"201504","3","0","0","0","0","0","0","0","0","0","부산지역축사"
"201504","2","0","0","0","0","0","0","0","0","0","부산지역축사"
"201504","1","0","0","0","16","0","0","0","0","0","부산지역축사"
"201411","4","0","0","0","0","0","0","0","0","0","부산지역축사"
"201411","3","0","0","0","0","0","0","0","0","0","부산지역축사"
"201411","2","0","0","0","0","0","0","0","0","0","부산지역축사"
"201411","1","0","0","0","0","0","0","0","0","0","부산지역축사"
"201410","4","1","0","0","2","0","0","0","0.5","0","부산지역축사"
"201410","3","1","0","0","0","0","0","0","0.5","0","부산지역축사"
"201410","2","0.5","0","0","2","0","0","0","0","0","부산지역축사"
"201410","1","3.5","1.5","0","1.5","0","0.5","0","6","0","부산지역축사"
"201409","5","125","7","0","31","0","0","0","148","0","부산지역축사"
"201409","4","255","6","0","34","0","0","0","106","0","부산지역축사"
"201409","3","644","6","0","50","0.5","0","0","198","0","부산지역축사"
"201409","2","636","2","0","52","4","2","0","806","0","부산지역축사"
"201409","1","527","26","0","93.5","0","0","0","96","0","부산지역축사"
"201408","4","0","0","0","0","0","0","0","0","0","부산지역축사"
"201408","3","834","26","0","158","2","0","0","278","0","부산지역축사"
"201408","2","710","10","0","249","3","1","0","867","0","부산지역축사"
"201408","1","799","32","0","437.5","2","1","0","40.5","0","부산지역축사"
"201407","5","1139","22","0","589","2","2","0","383","0","부산지역축사"
"201407","4","393","12.5","0","757.5","0","1","0","148","0","부산지역축사"
"201407","3","507","8","0","1125","1","0","0","461","0","부산지역축사"
"201407","2","550.5","259.5","0","2538","1.5","1.5","0","75","0","부산지역축사"
"201407","1","175","63","0","1673","1","2","0","68.5","0.5","부산지역축사"
"201406","4","40","17","0","700.5","0","1","0","59","0","부산지역축사"
"201406","3","10.5","33","0","199","0","0","0","128","0","부산지역축사"
"201406","2","5","16.5","0","60.5","0","0","0","63.5","0","부산지역축사"
"201406","1","21","46.5","0","65.5","0.5","0.5","0","102.5","0","부산지역축사"
"201405","9","5.5","7.5","0","21","0.5","0","0","51.5","0","부산지역축사"
"201405","8","2.5","4.5","0","7","0","0","0","36","0.5","부산지역축사"
"201405","7","4.5","14.5","0","8","0","1.5","0","7.5","0","부산지역축사"
"201405","6","0.5","0.5","0","1","0","0","0","2","0","부산지역축사"
"201405","4","5.5","7.5","0","21","0.5","0","0","51.5","0","부산지역축사"
"201405","3","2.5","4.5","0","7","0","0","0","36","0.5","부산지역축사"
"201405","2","4.5","14.5","0","8","0","1.5","0","7.5","0","부산지역축사"
"201405","1","0.5","0.5","0","1","0","0","0","2","0","부산지역축사"
"201404","7","4.5","14.5","0","8","0","1.5","0","7.5","0","부산지역축사"
"201404","6","0.5","0.5","0","1","0","0","0","2","0","부산지역축사"
"201404","5","0","0","0","1.5","0","0","0","0","0","부산지역축사"
"201404","4","0.5","0","0","1.5","0","0.5","0","0","0","부산지역축사"
"201404","3","1","0.5","0","10","0","0","0","0","0","부산지역축사"
"201404","2","0","0","0","3.5","0","0","0","0","0","부산지역축사"
"201404","1","0","0","0","3.5","0","0","0","0","0","부산지역축사"
"201311","4","0","0","0","0","0","0","0","0","0","부산지역축사"
"201311","3","0","0","0","0","0","0","0","0","0","부산지역축사"
"201311","2","0","0","0","0","0","0","0","0","0","부산지역축사"
"201311","1","0","3.5","0","0.5","0.5","0.5","0","14","0","부산지역축사"
"201310","5","1.5","4.5","0","2.5","0.5","2.5","0","42","0","부산지역축사"
"201310","4","5.5","3.5","0","4","0","0","0","132","0","부산지역축사"
"201310","3","11.5","5","0","5","0","4.5","0","7.5","0","부산지역축사"
"201310","2","15","65.5","0","13","0","4.5","0","37","0","부산지역축사"
"201310","1","92","47","0","29","2","7","0","45.5","0","부산지역축사"
"201309","4","209","65.5","0","92","1","14","0","34.5","0","부산지역축사"
"201309","3","162","33.5","0","163","1","1","0","38.5","1","부산지역축사"
"201309","2","293","9","0","597","0","0","0","165","1","부산지역축사"
"201309","1","312.5","5","0","660","0","5","0","149.5","0.5","부산지역축사"
"201308","4","948.5","77.5","0","2004.5","0","2.5","0","267.5","4","부산지역축사"
"201308","3","3056","104","0","2604","0","396","0","424","0","부산지역축사"
"201308","2","2083","138.5","0","2429.5","6.5","47","0","223.5","0","부산지역축사"
"201308","1","1946","87.5","0","2154","0","48.5","0","105","0","부산지역축사"
"201307","5","2974.5","82","0","3833.5","0.5","22","0","74","0","부산지역축사"
"201307","4","1258","37.5","0","1046.5","0","15.5","0","139.5","1","부산지역축사"
"201307","3","523","41.5","0","603","1.5","22","0","109.5","0","부산지역축사"
"201307","2","643","33.5","0","1494","0","20","0","48","0","부산지역축사"
"201307","1","326.5","35.5","0","1117.5","0","9.5","0","100.5","1","부산지역축사"
"201306","4","27.5","18.5","0","527.5","1","2.5","0","60.5","0.5","부산지역축사"
"201306","3","74.5","21.5","0","317","0","9.5","0","119.5","3","부산지역축사"
"201306","2","12.5","5","0","95.5","0","1.5","0","30","0.5","부산지역축사"
"201306","1","17","14","1","156.5","0","4","0","68.5","0.5","부산지역축사"
"201305","4","15.5","9","0","18.5","0","1.5","0","20","2","부산지역축사"
"201305","3","3","15.5","0","20.5","0","0.5","0","65","1.5","부산지역축사"
"201305","2","0.5","4.5","0.5","47","0","2.5","0","41.5","6.5","부산지역축사"
"201305","1","0","1","0","15","0","0.5","0","2","0","부산지역축사"
"201304","5","1","1","0","2","0","0","0","2.5","0.5","부산지역축사"
"201304","4","1.5","0","0","2.5","0","0","0","0.5","0.5","부산지역축사"
"201304","3","1","2","0","9.5","0","0","0","1","0.5","부산지역축사"
"201304","2","0","0","0","0.5","0","0","0","0","0","부산지역축사"
"201304","1","0","0","0","10.5","0","0","0","0","0","부산지역축사"
"201211","4","0","0","0","0","0","0","0","0","0","부산지역축사"
"201211","3","0","0.5","0","0.5","0","0","0","0","0","부산지역축사"
"201211","2","0","0","0","0","0","0","0","0","0","부산지역축사"
"201211","1","0.5","3.5","0","0.5","1","0","0","0","2","부산지역축사"
"201210","5","2","3","0","2","0","0","0","0","0.5","부산지역축사"
"201210","4","2.5","3.5","0","2.5","0","0","0","3","0","부산지역축사"
"201210","3","7.5","7.5","0","7.5","1","0","0","29","1.5","부산지역축사"
"201210","2","15","3","0","17","0.5","0","0","43.5","1","부산지역축사"
"201210","1","71.5","9.5","0","61.5","1.5","0","0","193.5","4.5","부산지역축사"
"201209","4","85.5","6.5","0","139","2","0","0","205.5","2.5","부산지역축사"
"201209","3","81.5","35.5","0","194","1.5","0","0","79","4","부산지역축사"
"201209","2","365","24","0","476","3","0","0","44","4.5","부산지역축사"
"201209","1","1380","14","0","1626","7.5","0","0","420","14","부산지역축사"
"201208","4","284","32.5","0","1251.5","2.5","0","0","84","10","부산지역축사"
"201208","3","492","10","0","579","4","0","0","156","8","부산지역축사"
"201208","2","1090","227","2","1632","2.5","0","0","158","14.5","부산지역축사"
"201208","1","2294","86","0","1788","0.5","0","0","384","17.5","부산지역축사"
"201207","5","4271","224","0","2621","4.5","0","0","241.5","37.5","부산지역축사"
"201207","4","672.5","19.5","0","806","2","0","0","79","14.5","부산지역축사"
"201207","3","1445.5","47","0","1248.5","3.5","3","0","7.5","14","부산지역축사"
"201207","2","2907","75","0","4765.5","2","0","0","106","27.5","부산지역축사"
"201207","1","786.5","75","0","1515.5","0","0","0","162.5","14","부산지역축사"
"201206","4","180.5","20","0","227","0","0","0","18.5","5","부산지역축사"
"201206","3","97","70.5","0","172","0","0","0","115","9","부산지역축사"
"201206","2","72","28.5","0","102.5","0","1.5","0","383.5","4.5","부산지역축사"
"201206","1","11.5","6.5","0","67.5","0","0","0","239.5","12","부산지역축사"
"201205","5","4","4.5","0","5.5","0","0","0","178.5","9.5","부산지역축사"
"201205","4","0.5","5","0","1.5","1","0","0","89.5","6","부산지역축사"
"201205","3","0","6.5","0","2.5","0","6","0","148","0","부산지역축사"
"201205","2","1.5","3.5","0","4","0","4","0","267.5","4","부산지역축사"
"201205","1","2.5","3.5","0","0.5","0","0","0","11","0","부산지역축사"
"201204","4","3.5","12","0","0.5","0","0","0","2","0","부산지역축사"
"201204","3","0","3","0","0.5","0","0","0","0","0","부산지역축사"
"201204","2","0","2.5","0","8","0","0","0","0","0","부산지역축사"
"201204","1","0","0","0","1","0","0","0","0","0","부산지역축사"
"201111","5","0","5.5","0","0.5","0","0","0","2.5","0.5","부산지역축사"
"201111","4","0","0","0","0","0","0","0","0","0","부산지역축사"
"201111","3","0","1","0","0","0","0","0","0","0","부산지역축사"
"201111","2","2","4","0","1","1","0","0","1","2","부산지역축사"
"201111","1","7.5","5.5","0","3","0.5","0","0","1","2","부산지역축사"
"201110","4","9","1.5","0","0","0","0","0","1","0","부산지역축사"
"201110","3","4.5","8","0","2.5","0.5","0","0","6","1.5","부산지역축사"
"201110","2","54","9.5","0","4.5","2.5","0","0","20.5","1.5","부산지역축사"
"201110","1","25.5","9","0","9","0.5","0","0","41","2.5","부산지역축사"
"201109","4","213","19","0","42.5","1.5","0","0","127","3.5","부산지역축사"
"201109","3","19.5","2","0","2","0.5","0","0","9.5","0.5","부산지역축사"
"201109","2","223","18","0","122.5","3.5","0","0","112","6","부산지역축사"
"201109","1","331","31","0","501.5","28.5","0","0","312.5","9.5","부산지역축사"
"201108","5","413.5","10","0","772.5","2","0","0","289.5","19","부산지역축사"
"201108","4","208","34","0","190.5","0.5","0","0","34.5","6","부산지역축사"
"201108","3","451.5","25.5","0","360.5","2.5","0","0","184.5","16.5","부산지역축사"
"201108","2","117","5.5","0","219","1.5","0","0","63","13.5","부산지역축사"
"201108","1","126.5","33","0","333.5","1.5","0","0","48.5","14.5","부산지역축사"
"201107","4","369.5","9.5","0","936.5","2","0","0","112.5","23.5","부산지역축사"
"201107","3","207","16","0","773","0.5","0","0","91","24.5","부산지역축사"
"201107","2","61.5","13.5","0","608","4.5","0","0","125.5","22","부산지역축사"
"201107","1","2","15.5","0","284","3","0","0","165","8","부산지역축사"
"201106","5","12","49.5","0","437.5","1.5","0","0","50","14","부산지역축사"
"201106","4","1.5","4.5","0","261.5","0","0","0","299","20","부산지역축사"
"201106","3","2","5","0","103","2","0","0","121","8","부산지역축사"
"201106","2","0.5","3","0","413.5","0","0","0","359","20","부산지역축사"
"201106","1","1","2.5","0","0.2","0","0","0","209","4.5","부산지역축사"
"201105","4","0.5","3","0","1.5","0","0","0","63","2.5","부산지역축사"
"201105","3","0","0.5","0","5.5","0","0","0","169.5","6","부산지역축사"
"201105","2","1","6","0","2.5","0","0","0","51","1","부산지역축사"
"201105","1","1.5","2","0","0","0","0","0","13","0.5","부산지역축사"
"201104","4","1","1","0","1.5","0","0","0","0","0","부산지역축사"
"201104","3","0","0","0","0","0","0","0","0","0","부산지역축사"
"201104","2","0","0","0","1","0","0","0","0","0","부산지역축사"
"201104","1","0","0","0","0.5","0","0","0","0","0","부산지역축사"
"201011","5","0","0","0","0","0","0","0","0","0","부산지역축사"
"201011","4","0","0","0","0","0","0","0","0","0","부산지역축사"
"201011","3","0","0","0","0","0","0","0","0","0","부산지역축사"
"201011","2","0","0","0","0","0","0","0","0","0","부산지역축사"
"201011","1","0","0","0","0","0","0","0","0","0","부산지역축사"
"201010","4","0","0","0","0","0","0","0","0","0","부산지역축사"
"201010","3","89","9","0","8","0","0","0","32","16","부산지역축사"
"201010","2","394","11","0","23","0","0","0","67","18","부산지역축사"
"201010","1","120","12","0","12","0","0","0","69","2","부산지역축사"
"201009","4","578","8","0","101","0","0","0","272","4","부산지역축사"
"201009","3","1170","6","0","240","0","0","0","846","36","부산지역축사"
"201009","2","1924","14","0","558","0","0","0","450","6","부산지역축사"
"201009","1","506","0","0","403","0","0","0","101","19","부산지역축사"
"201008","5","1396","44","0","996","0","0","0","726","20","부산지역축사"
"201008","4","1870","26","0","917","0","0","0","1214","6","부산지역축사"
"201008","3","484","39","0","449","0","0","0","44","11","부산지역축사"
"201008","2","1474","38","0","1753","0","0","0","317","22","부산지역축사"
"201008","1","1650","52","0","1194","0","0","0","551","38","부산지역축사"
"201007","4","1470","50","0","2045","0","0","0","807","38","부산지역축사"
"201007","3","2415","178","0","3747","0","0","0","219","86","부산지역축사"
"201007","2","1021","121","0","1662","0","0","0","39","47","부산지역축사"
"201007","1","1400","139","0","1929","0","0","0","483","28","부산지역축사"
"201006","4","197","11","0","1325","0","0","0","103","18","부산지역축사"
"201006","3","44","15","0","165","0","0","0","92.5","6","부산지역축사"
"201006","2","25.5","2","0","96","0","0","0","58.5","5","부산지역축사"
"201006","1","3.5","4","0","53.5","0","0","0","82.5","9.5","부산지역축사"
"201005","5","0","0","0","5","0","0","0","31","4.5","부산지역축사"
"201005","4","0.5","0","0","3.5","0","0","0","41","12","부산지역축사"
"201005","3","0","1","0","13","0","0","0","74","5.5","부산지역축사"
"201005","2","0.5","0","0","5","0","0","0","7.5","5","부산지역축사"
"201005","1","11.5","3.5","0","2","0","0","0","12.5","3.5","부산지역축사"
"201004","4","2.5","1","0","1","0","0","0","0","1","부산지역축사"
"201004","3","0.5","1","0","4","0","0","0","0","0","부산지역축사"
"201004","2","0","0","0","2","0","0","0","0","0","부산지역축사"
"201004","1","0","1","0","2","0","0","0","0","0","부산지역축사"
"200911","5","0","1.5","0","0","0","0","0","0","0","부산지역축사"
"200911","4","0","0","0","0","0","0","0","0","0","부산지역축사"
"200911","3","0","1","0","0","0","0","0","0","0","부산지역축사"
"200911","2","5.5","12.5","0","2","0.5","0","0","7","2","부산지역축사"
"200911","1","0","4","0","0","0","0","0","2.5","0","부산지역축사"
"200910","4","2","15","0","1","0","0","0","19.5","2.5","부산지역축사"
"200910","3","2.5","180","0","5","1.5","0","0","72.5","4","부산지역축사"
"200910","2","34.5","17.5","0","39","0","0","0","350","3.5","부산지역축사"
"200910","1","84","25.5","0","51.5","0.5","0","0","51.5","2.5","부산지역축사"
"200909","4","240","172","0","414","0","0","0","0","168","부산지역축사"
"200909","3","236","134","0","692","0","0","0","514","12","부산지역축사"
"200909","2","1226","77","0","548","2","0","0","1054","10","부산지역축사"
"200909","1","1959","78","0","1449","0","0","0","96","33","부산지역축사"
"200908","5","74","0","328","2","0","0","33","7","0","부산지역축사"
"200908","4","171","0","1413","0","0","0","132","45","0","부산지역축사"
"200908","3","48","0","1103","0.5","0","0","90","34","0","부산지역축사"
"200908","2","25","0","497","0","6","0","87","15","0","부산지역축사"
"200908","1","55","0","578","0","0","0","80","40","0","부산지역축사"
"200907","4","91","0","429","4","0","0","49","35","0","부산지역축사"
"200907","3","44","0","636","0","0","0","125","0","0","부산지역축사"
"200907","2","119","0","1085","2","0","0","55","28","0","부산지역축사"
"200907","1","90","0","2772","0","1.5","0","364.5","55.5","0","부산지역축사"
"200906","5","74","0","1696","1.5","2","0","294","22","0","부산지역축사"
"200906","4","165","0","690","0.5","0","0","282","19","0","부산지역축사"
"200906","3","14","0","67.5","2","0","0","188.5","10","0","부산지역축사"
"200906","2","8.5","0","52","1","0","0","116","7.5","2","부산지역축사"
"200906","1","14.5","0","60","9","0","0","537.5","5.5","0","부산지역축사"
"200905","4","18.5","0","10.5","15","0","0","84","9","0","부산지역축사"
"200905","3","17","0","7","2.5","0","0","18","6","0","부산지역축사"
"200905","2","4.5","0","12","2","1","0","36.5","5","0","부산지역축사"
"200905","1","4","0","0.5","0","0","0","10","1.5","0","부산지역축사"
"200904","4","1","0","0.5","0","0","0","0","0","0","부산지역축사"
"200904","3","2.5","0","3","0","0","0","1","0.5","3","부산지역축사"
"200904","2","8.5","0","5","0","0.5","0","0","0","4.5","부산지역축사"
"200904","1","2","0","3","0","0","0","0","0","0","부산지역축사"
"200811","4","1","0","0.5","0","0","0","0","0","0","부산지역축사"
"200811","3","4","0","1","0","0","0","0","1","0","부산지역축사"
"200811","2","7","0","0.5","0","0","0","0","0","0","부산지역축사"
"200811","1","8","0","2","1","0","0","0","1","0","부산지역축사"
"200810","4","20","0","2","0","0","0","0.5","0","0","부산지역축사"
"200810","3","29","0","32","7","0","0","36","29","0","부산지역축사"
"200810","2","34.5","0","24","4","0","0","17","24","0","부산지역축사"
"200810","1","67","0","70","2","0","0","46","31","0","부산지역축사"
"200809","4","65","0","183.5","0","0","0","64","11","0","부산지역축사"
"200809","3","96","0","354","5","0","0","95","33","0","부산지역축사"
"200809","2","43.5","0","526.5","3","0","0","175.5","60","0","부산지역축사"
"200809","1","56","0","704","5","0","0","155","9","0","부산지역축사"
"200808","5","74","0","328","2","0","0","33","7","0","부산지역축사"
"200808","4","38","0","570","2","0","0","135","13","0","부산지역축사"
"200808","3","107.5","0","611.5","2","0","0.5","38","39","0","부산지역축사"
"200808","2","33","0","974","3","0","0","42","71","0","부산지역축사"
"200808","1","117.5","0","2705.5","0.5","0","0","105.5","107.5","0","부산지역축사"
"200807","4","114","0","3564","0","0","0","38","74","0","부산지역축사"
"200807","3","130.5","0","4194","1.5","0","0","87","31.5","0","부산지역축사"
"200807","2","95","0","2479","0","0","0","181","51","0","부산지역축사"
"200807","1","49","0","1489","0","0","0","179","40","0","부산지역축사"
"200806","5","51","0","1090","0","0","0","73","24","0","부산지역축사"
"200806","4","19","0","119","0","0","0","23","18","0","부산지역축사"
"200806","3","3","0","28","0","0","0","40","7","0","부산지역축사"
"200806","2","33","0","390","1","0","0","566","23","0","부산지역축사"
"200806","1","17","0","137","3","0","0","156","13","0","부산지역축사"
"200805","4","30.5","0","41.5","2.5","0","0","92.5","18.5","0","부산지역축사"
"200805","3","13.5","0","24.5","0","0","0","18.5","5","0","부산지역축사"
"200805","2","4","0","31.5","0","0","0","4","5.5","0","부산지역축사"
"200805","1","5.5","0","40","0","0","0","29.5","4","0","부산지역축사"
"200804","5","6.5","0","2","0","0","0","5.5","0","0","부산지역축사"
"200804","4","5","0","11","0","0","0","0","2","0","부산지역축사"
"200804","3","2","0","12","0","0","0","0","0","0","부산지역축사"
"200804","2","4","0","15","0","0","0","0","0","0","부산지역축사"
"200804","1","0","0","0","0","0","0","0","0","0","부산지역축사"
"200711","4","6","0","0","0","0","0","0","0","0","부산지역축사"
"200711","3","6","0","0","0","0","0","0","0","0","부산지역축사"
"200711","2","0","0","0","0","0","0","0","0","0","부산지역축사"
"200711","1","108.5","0.5","0","0.5","0","0","0","0.5","0","부산지역축사"
"200710","4","29","0","0","0","0","0","0","0","0","부산지역축사"
"200710","3","1","0","0","0","0","0","0","0","0","부산지역축사"
"200710","2","12","0","0","0","0","0","0","1","0","부산지역축사"
"200710","1","18","0","0","0","0","0","0","0","0","부산지역축사"
"200709","3","100","1","298","2","0","2","5","6","0","부산지역축사"
"200709","2","128","0","760","6","4","0","258","2","0","부산지역축사"
"200709","1","170","0","631","5","1","0","4","4","0","부산지역축사"
"200708","4","222","0","2248","12","0","0","80","51","0","부산지역축사"
"200708","3","115","0","2084","7","0","0","16","39","0","부산지역축사"
"200708","2","140","0","3294","14","14","0","48","64","0","부산지역축사"
"200708","1","115","2","4222","18","18","0","68","68","0","부산지역축사"
"200707","5","166","0","2664","7","16","0","85","57","0","부산지역축사"
"200707","4","372.5","0","2432.5","10.5","3","0","129.5","88.5","0","부산지역축사"
"200707","3","410","1","1394.5","3","4","0","199","122","0","부산지역축사"
"200707","2","188.5","0","1129.5","3","0","0","74","60.5","0","부산지역축사"
"200707","1","288.5","0","533.5","6","4","0","42","29","0","부산지역축사"
"200706","4","294.5","0","203","0.5","3.5","0","28","22","0","부산지역축사"
"200706","3","231","0","71.5","0","6","0","28","40.5","0","부산지역축사"
"200706","2","148","1","151","0.5","4","0","33.5","28.5","0","부산지역축사"
"200706","1","148.5","1","24","3.5","1","2","14","38","0","부산지역축사"
"200705","4","97","0","5.5","1","0.5","0","6.5","7.5","0","부산지역축사"
"200705","3","45.5","0","4.5","2","1","0","3.5","13.5","0","부산지역축사"
"200705","2","40.5","0","10","0.5","5","0","2.5","10.5","0","부산지역축사"
"200705","1","24","0","17.5","0","0","0","3.5","11","0","부산지역축사"
"200704","5","9.5","0","5","0","0.5","0","2","5","0","부산지역축사"
"200704","4","7.5","0","0.5","0","0","0","0","0","0","부산지역축사"
"200704","3","3","0","0","0","0","0","0","0","0","부산지역축사"
"200704","2","6.5","0","1","0","0","0","0","0","0","부산지역축사"
"200704","1","4.5","0","3.5","0","0","0","0","0","0","부산지역축사"
"200611","4","11.5","0","0.5","0","0","0","0","0","0","부산지역축사"
"200611","3","13.5","0","0","0","0","0","0","0","0","부산지역축사"
"200611","2","20.5","0","0","0","0","0","0","1.5","0","부산지역축사"
"200611","1","5","0","0.5","0","0","0","0","0","0","부산지역축사"
"200610","5","35.5","0","1","0.5","0.5","0","0","1.5","0","부산지역축사"
"200610","4","54","0","1","0.5","0","0","0.5","1.5","0","부산지역축사"
"200610","3","77","0","18.5","2.5","0","0","13","10.5","0","부산지역축사"
"200610","2","48.5","0","68","4.5","1.5","0","22","26","0","부산지역축사"
"200610","1","43.5","0","108","7","1","0","32","29","0","부산지역축사"
"200609","4","64","0","354","4","2.5","0","32","16","0","부산지역축사"
"200609","3","124","0","322.5","2.5","0","0","0","5.5","0","부산지역축사"
"200609","2","50","0","460","0","0","0","0","8.5","0","부산지역축사"
"200609","1","161.5","0","2673","1.5","0","0","24","18","0","부산지역축사"
"200608","5","33","0","1687","0.5","0","0","8","8","0","부산지역축사"
"200608","4","86","0","1613.5","1.5","2","0.5","8","24","0","부산지역축사"
"200608","3","59","0","2520.5","2","0","0","33","14","0","부산지역축사"
"200608","2","71.5","0","1226.5","2.5","0","0","8","140.5","0","부산지역축사"
"200608","1","245","0","2609.5","1","0","0","68","69","0","부산지역축사"
"200607","4","144.5","0","1502","3","6","0.5","28.5","39","0","부산지역축사"
"200607","3","91.5","0","472.5","4","0","0","15","44.5","0","부산지역축사"
"200607","2","126.5","0","662","1","0","0","11","38.5","0","부산지역축사"
"200607","1","312","0","636","4.5","0","0","3","54","0","부산지역축사"
"200606","4","173","0","243.5","2","2","0","16.5","48.5","0","부산지역축사"
"200606","3","96","0.5","201","1","0","0","62","67.5","0","부산지역축사"
"200606","2","45","1","50","2","0","0","8.5","28","0","부산지역축사"
"200606","1","40.5","2","67.5","4","0","0","11","29.5","0","부산지역축사"
"200605","5","25","3","16.5","1.5","1.5","0","8.5","17.5","0","부산지역축사"
"200605","4","11","3","16","3.5","0","0","9.5","10","0","부산지역축사"
"200605","3","7.5","7","14.5","0.5","0","0","4","8","0","부산지역축사"
"200605","2","7","0.5","7","0","0.5","0","5.5","4.5","0","부산지역축사"
"200605","1","2.5","4","1.5","0","0","0","0","1","0","부산지역축사"
"200604","4","4.5","2.5","0","0","1","0","0","0.5","0","부산지역축사"
"200604","3","6.5","0.5","4.5","0","0.5","0","0","0.5","0","부산지역축사"
"200604","2","3","0","7.5","0","0","0","0","0.5","0","부산지역축사"
"200604","1","11.5","1","3.5","0","0","0","0","0","0","부산지역축사"
"200510","4","116","0","29","4","0","1","0","16","0","부산지역축사"
"200510","3","269","0","86","4","0","0","2","21","0","부산지역축사"
"200510","2","169","0","44","2","0","0","0","11","0","부산지역축사"
"200510","1","245","0","121","4","10","0","2","13","0","부산지역축사"
"200509","4","333","0","897","8","0","4","16","20","0","부산지역축사"
"200509","3","1694","0","1302","7","2","0","33","26","0","부산지역축사"
"200509","2","1650","0","2507","1","4","0","16","48","0","부산지역축사"
"200509","1","7022","0","2588","38","1","0","25","33","0","부산지역축사"
"200508","5","2934","0","4595","101","50","0","342","132","0","부산지역축사"
"200508","4","609","0","978","20","24","0","9","36","0","부산지역축사"
"200508","3","3530","0","4823","22","49","0","291","66","0","부산지역축사"
"200508","2","1684","0","7003","101","3","0","1308","56","0","부산지역축사"
"200508","1","1438","0","7024","7","24","0","128","48","0","부산지역축사"
"200507","4","773","0","3134","18","112","1","144","370","0","부산지역축사"
"200507","3","1195","0","9718","2","48","44","344","42","0","부산지역축사"
"200507","2","1068","0","5282","0","32","10","146","10","0","부산지역축사"
"200507","1","2658","0","5064","48","0","32","128","18","0","부산지역축사"
"200506","5","1403","0","4073","1","47","2","39","41","0","부산지역축사"
"200506","4","801","0","3259","0","12","0","88","53","0","부산지역축사"
"200506","3","284","0","524","0","26","0","20","35","0","부산지역축사"
"200506","2","276","0","501","9","68","0","28","53","0","부산지역축사"
"200506","1","53","0","224","0","48","0","62","22","0","부산지역축사"
"200505","4","40","0","12","3","0","0","7","16","0","부산지역축사"
"200505","3","161","0","50","1","1","0","7","22","0","부산지역축사"
"200505","2","50","0","22","0","0","0","4","6","0","부산지역축사"
"200505","1","27","0","18","0","0","0","1","7","0","부산지역축사"
"200504","4","25","0","3","0","0","0","0","1","0","부산지역축사"
"200504","3","27","0","4","0","0","0","0","0","0","부산지역축사"
"200504","2","7","0","3","0","0","0","0","0","0","부산지역축사"
"200504","1","14","0","5","0","0","0","0","0","0","부산지역축사"
"200410","4","230","0","0","0","0","0","0","0","0","부산지역축사"
"200410","3","178","51","5","17","0","2","0","0","0","부산지역축사"
"200410","2","298","0","84","4","14","0","4","0","0","부산지역축사"
"200410","1","254","0","105","5","8","0","9","0","0","부산지역축사"
"200409","4","711","0","715","4","16","0","48","0","0","부산지역축사"
"200409","3","2194","0","916","1","18","0","0","0","0","부산지역축사"
"200409","2","2245","0","2261","16","49","0","48","0","0","부산지역축사"
"200409","1","2087","0","1530","0","6","0","6","0","0","부산지역축사"
"200408","5","4056","0","3846","8","8","0","16","0","0","부산지역축사"
"200408","4","4696","0","2899","1","8","5","8","0","0","부산지역축사"
"200408","3","3468","0","4253","9","27","1","18","0","0","부산지역축사"
"200408","2","5351","0","4587","37","29","9","45","0","0","부산지역축사"
"200408","1","4563","0","3706","18","32","13","28","0","0","부산지역축사"
"200407","4","4193","0","3977","63","55","2","36","0","0","부산지역축사"
"200407","3","1323","0","3158","36","45","18","72","0","0","부산지역축사"
"200407","2","1172","0","3276","19","20","11","90","0","0","부산지역축사"
"200407","1","692","0","2871","31","28","10","126","0","0","부산지역축사"
"200406","5","410","0","2004","9","43","0","82","0","0","부산지역축사"
"200406","4","516","0","619","7","29","0","12","0","0","부산지역축사"
"200406","3","156","0","171","2","9","0","15","0","0","부산지역축사"
"200406","2","127","0","66","9","24","0","1","0","0","부산지역축사"
"200406","1","273","0","92","0","77","0","9","0","0","부산지역축사"
"200405","4","103","0","25","9","25","0","9","0","0","부산지역축사"
"200405","3","93","0","7","1","8","0","5","0","0","부산지역축사"
"200405","2","52","0","4","2","0","0","5","0","0","부산지역축사"
"200405","1","56","0","4","0","0","0","8","0","0","부산지역축사"
"200404","4","5","0","1","0","0","0","0","0","0","부산지역축사"
"200404","3","15","0","0","0","0","0","0","0","0","부산지역축사"
"200310","4","84","0","5","4","0","0","0","0","0","부산지역축사"
"200310","3","259","0","34","15","0","10","0","0","0","부산지역축사"
"200310","2","149","0","11","5","0","2","0","0","0","부산지역축사"
"200310","1","448","0","66","8","0","9","14","0","0","부산지역축사"
"200309","5","280","0","73","8","0","4","5","0","0","부산지역축사"
"200309","4","276","0","114","0","0","0","1","0","0","부산지역축사"
"200309","3","3865","0","2571","0","0","4","6","0","0","부산지역축사"
"200309","1","5708","0","8808","17","0","19","33","0","0","부산지역축사"
"200308","4","4338","0","8541","17","0","18","35","0","0","부산지역축사"
"200308","3","6613","0","9036","19","0","25","62","0","0","부산지역축사"
"200308","2","2178","0","5075","20","0","28","38","0","0","부산지역축사"
"200308","1","2960","0","9207","28","0","18","41","0","0","부산지역축사"
"200307","5","1330","0","3980","9","0","31","45","0","0","부산지역축사"
"200307","4","921","0","2739","7","0","3","53","0","0","부산지역축사"
"200307","3","664","2","1801","6","0","3","54","0","0","부산지역축사"
"200307","2","768","0","1430","0","5","41","35","0","0","부산지역축사"
"200307","1","900","0","834","7","1","5","77","0","0","부산지역축사"
"200306","4","316","0","165","9","1","2","12","0","0","부산지역축사"
"200306","3","268","0","331","1","18","0","78","0","0","부산지역축사"
"200306","2","108","0","138","0","6","0","27","0","0","부산지역축사"
"200306","1","103","0","81","0","4","2","18","0","0","부산지역축사"
"200305","4","128","1","54","0","22","0","9","0","0","부산지역축사"
"200305","3","18","0","17","0","9","0","13","0","0","부산지역축사"
"200305","2","78","0","70","0","3","0","46","0","0","부산지역축사"
"200305","1","13","0","12","0","0","0","10","0","0","부산지역축사"
"200304","4","8","0","10","0","0","0","0","0","0","부산지역축사"
"200304","3","5","0","5","0","0","0","0","0","0","부산지역축사"
"200210","4","46","0","5","4","0","0","0","0","0","부산지역축사"
"200210","3","223","0","17","2","0","0","1","0","0","부산지역축사"
"200210","2","234","0","18","0","7","0","0","0","0","부산지역축사"
"200210","1","488","0","164","0","0","1","8","0","0","부산지역축사"
"200209","5","647","0","99","0","1","0","0","0","0","부산지역축사"
"200209","4","276","0","114","0","0","0","1","0","0","부산지역축사"
"200209","3","598","0","334","3","0","0","4","0","0","부산지역축사"
"200209","2","571","0","730","0","0","0","4","0","0","부산지역축사"
"200209","1","475","0","432","0","0","0","0","0","0","부산지역축사"
"200208","5","585","0","327","0","0","0","4","0","0","부산지역축사"
"200208","4","3569","0","2472","0","0","0","0","0","0","부산지역축사"
"200208","3","3569","0","2472","0","0","0","0","0","0","부산지역축사"
"200208","2","1960","0","507","0","0","0","0","0","0","부산지역축사"
"200208","1","2948","0","1424","0","0","0","0","0","0","부산지역축사"
"200207","4","1430","0","1343","0","0","0","0","0","0","부산지역축사"
"200207","3","1241","0","2274","0","0","0","0","0","0","부산지역축사"
"200207","2","1178","0","1998","0","0","0","0","0","0","부산지역축사"
"200207","1","997","0","1376","0","2","0","13","0","0","부산지역축사"
"200206","4","349","0","278","0","0","0","2","0","0","부산지역축사"
"200206","3","340","0","238","0","1","0","2","0","0","부산지역축사"
"200206","2","218","0","94","0","3","0","11","0","0","부산지역축사"
"200206","1","135","0","37","0","0","0","13","0","0","부산지역축사"
"200205","5","107","0","21","0","4","0","7","0","0","부산지역축사"
"200205","4","54","0","6","0","1","0","7","0","0","부산지역축사"
"200205","3","18","0","17","0","9","0","13","0","0","부산지역축사"
"200205","2","32","0","11","0","2","0","4","0","0","부산지역축사"
"200205","1","44","0","7","0","1","0","1","0","0","부산지역축사"
"200204","4","7","0","1","0","0","0","0","0","0","부산지역축사"
"200204","3","1","0","0","0","0","0","0","0","0","부산지역축사"
"-","5","4271","224","0","2621","4.5","0","0","241.5","37.5","부산지역축사"
"-","4","672.5","19.5","0","806","2","0","0","79","14.5","부산지역축사"
"-","3","1445.5","47","0","1248.5","3.5","3","0","7.5","14","부산지역축사"
"-","2","2907","75","0","4765.5","2","0","0","106","27.5","부산지역축사"
